Growth,Loss,Stable,id
0.0,0.0,1.0,87950922
0.333,0.333,0.333,81395819
0.0,0.0,1.0,84152401
0.0,0.0,1.0,66411237
0.083,0.233,0.683,29398292
0.0,0.0,1.0,97187302
0.0,0.0,1.0,76577468
0.223,0.223,0.553,34090186
0.333,0.333,0.333,54194878
0.223,0.27,0.507,23083100
0.0,0.0,1.0,40450920
0.11,0.78,0.11,86348793
0.0,0.0,1.0,32106641
0.333,0.333,0.333,92692533
0.0,0.0,1.0,13068541
0.0,0.0,1.0,7462434
0.067,0.787,0.147,96421580
0.223,0.289,0.487,24892701
0.0,0.1,0.9,79842933
0.083,0.083,0.833,94123684
0.027,0.855,0.119,89126486
0.0,0.08,0.92,54707156
0.0,0.92,0.08,26822782
0.047,0.107,0.846,53693425
0.1,0.0,0.9,24933449
0.043,0.165,0.792,76577468
0.033,0.636,0.33,85905978
0.167,0.217,0.617,1658418
0.02,0.067,0.913,40950100
0.167,0.222,0.612,83301603
0.067,0.131,0.803,32106641
0.083,0.188,0.728,91550861
0.057,0.115,0.829,90568492
0.047,0.796,0.157,83604768
0.047,0.133,0.821,25149672
0.047,0.107,0.846,8462380
0.047,0.133,0.821,24892701
0.037,0.108,0.855,19689836
0.067,0.123,0.811,43610137
0.097,0.153,0.75,62714787
0.167,0.542,0.292,81395819
0.0,1.0,0.0,89126486
0.223,0.286,0.491,32975512
0.0,0.0,1.0,64608259
0.2,0.468,0.332,57875477
0.223,0.388,0.388,69839659
0.287,0.333,0.38,34090186
0.083,0.683,0.233,85905978
0.0,0.95,0.05,21844220
0.0,0.0,1.0,69004695
0.287,0.399,0.315,67178806
0.277,0.418,0.306,30523289
0.223,0.497,0.279,92692533
0.11,0.78,0.11,91550861
0.167,0.542,0.292,66357229
0.0,0.1,0.9,65778899
0.223,0.444,0.332,14107830
0.167,0.542,0.292,72972604
0.418,0.25,0.332,79842933
0.223,0.487,0.289,19689836
0.3,0.383,0.317,22546504
0.223,0.444,0.332,786489
0.097,0.132,0.771,84152401
0.083,0.083,0.833,54707156
0.237,0.512,0.251,32975512
0.3,0.315,0.385,69249222
0.25,0.288,0.462,53355015
0.333,0.333,0.333,14499395
0.0,1.0,0.0,54194878
0.0,0.0,1.0,74809158
0.223,0.27,0.507,21844220
0.083,0.083,0.833,2430050
0.267,0.307,0.427,26861268
0.25,0.482,0.268,13068541
0.0,0.0,1.0,90568492
0.287,0.371,0.343,66357229
0.043,0.043,0.913,49607116
0.333,0.333,0.333,19757086
0.333,0.333,0.333,18472705
0.0,0.0,1.0,43610137
0.0,0.0,1.0,22546504
0.333,0.333,0.333,42487167
0.0,0.0,1.0,66411237
0.033,0.933,0.033,26822782
0.017,0.017,0.967,64608259
0.067,0.707,0.227,69249222
0.083,0.083,0.833,33246590
0.0,0.25,0.75,50043403
0.0,0.0,1.0,23083100
0.067,0.067,0.867,1658418
0.0,0.0,1.0,2430050
0.033,0.159,0.807,21053593
0.167,0.217,0.617,55392938
0.0,1.0,0.0,83604768
0.0,0.05,0.95,65778899
0.2,0.0,0.8,49607116
0.0,0.1,0.9,77779142
0.0,0.08,0.92,4462248
0.0,0.05,0.95,18250573
0.167,0.177,0.657,62714787
0.0,0.75,0.25,786489
0.0,0.02,0.98,42487167
0.017,0.017,0.967,53693425
0.223,0.256,0.52,57875477
0.223,0.306,0.471,33246590
0.033,0.888,0.078,1131061
0.25,0.488,0.262,67178806
0.223,0.27,0.507,26861268
0.333,0.333,0.333,21053593
0.333,0.333,0.333,7462434
0.192,0.167,0.642,25149672
0.2,0.332,0.468,14107830
0.333,0.333,0.333,19757086
0.067,0.603,0.331,77779142
0.333,0.333,0.333,51945969
0.167,0.542,0.292,75129394
0.033,0.078,0.888,55666943
0.333,0.333,0.333,91270257
0.0,0.1,0.9,40950100
0.333,0.333,0.333,73771223
0.333,0.333,0.333,23284643
0.167,0.217,0.617,29398292
0.0,0.9,0.1,4462248
0.083,0.271,0.646,51945969
0.0,1.0,0.0,91977286
0.0,0.0,1.0,97187302
1.0,0.0,0.0,24933449
0.0,1.0,0.0,50043403
0.0,1.0,0.0,1131061
0.0,1.0,0.0,86348793
0.0,1.0,0.0,30523289
0.167,0.667,0.167,96421580
0.0,0.0,1.0,8462380
0.333,0.333,0.333,72972604
0.11,0.78,0.11,83301603
0.167,0.642,0.192,28247858
0.167,0.332,0.502,55392938
0.0,0.33,0.67,73771223
0.0,0.0,1.0,18472705
0.333,0.333,0.333,2068714
0.0,0.1,0.9,68178730
0.0,0.95,0.05,51970690
0.223,0.24,0.537,75129394
0.0,0.0,1.0,2068714
0.0,0.0,1.0,15845955
0.167,0.167,0.667,78809525
0.25,0.488,0.262,17818825
0.167,0.292,0.542,8290514
0.0,0.0,1.0,32787998
0.017,0.026,0.957,62095235
0.333,0.333,0.333,34678995
0.0,1.0,0.0,28442044
0.333,0.333,0.333,53610570
0.0,0.0,1.0,74231007
0.0,0.0,1.0,66622881
0.0,0.45,0.55,46471115
0.333,0.333,0.333,71006690
0.083,0.158,0.758,85900529
0.083,0.833,0.083,64039525
0.133,0.733,0.133,5104092
0.067,0.067,0.867,83594459
0.067,0.067,0.867,3876631
0.11,0.177,0.713,23284643
0.083,0.271,0.646,91977286
0.0,0.0,1.0,15845955
0.0,0.05,0.95,9220369
0.0,0.16,0.84,80277766
0.0,0.93,0.07,24747903
0.167,0.197,0.637,44677663
0.0,0.0,1.0,53249296
0.25,0.375,0.375,62095235
0.0,0.11,0.89,89098941
0.223,0.246,0.53,67290870
0.0,0.08,0.92,95981436
0.0,0.06,0.94,40027003
0.0,0.0,1.0,88527044
0.0,0.08,0.92,82156017
0.0,0.19,0.81,68885921
0.067,0.147,0.787,15498542
0.0,0.05,0.95,35377485
0.297,0.308,0.396,83594459
0.0,0.11,0.89,75062547
0.083,0.758,0.158,68178730
0.167,0.217,0.617,9220369
0.287,0.392,0.322,94831135
0.223,0.289,0.487,6190663
0.25,0.438,0.312,4216413
0.167,0.617,0.217,84489052
0.223,0.511,0.266,34678995
0.167,0.567,0.267,89098941
0.083,0.833,0.083,68751961
0.167,0.267,0.567,42018273
0.223,0.306,0.471,78328177
0.167,0.417,0.417,46182071
0.133,0.733,0.133,46471115
0.11,0.11,0.78,88527044
0.223,0.444,0.332,62856672
0.11,0.17,0.72,32467637
0.223,0.306,0.471,18569680
0.133,0.535,0.331,12758004
0.223,0.52,0.256,3876631
0.223,0.306,0.471,75062547
0.333,0.333,0.333,91270257
0.333,0.333,0.333,51970690
0.333,0.333,0.333,17818825
0.223,0.471,0.306,80277766
0.333,0.333,0.333,94831135
0.167,0.167,0.667,65313888
0.333,0.333,0.333,18316811
0.067,0.867,0.067,55572137
0.333,0.333,0.333,28442044
0.0,1.0,0.0,68751961
0.267,0.347,0.387,70780017
0.333,0.333,0.333,89076703
0.0,0.0,1.0,71006690
0.0,0.0,1.0,82156017
0.333,0.333,0.333,62856672
0.333,0.333,0.333,61886939
0.083,0.083,0.833,59404333
0.073,0.112,0.814,44941728
0.333,0.333,0.333,48181909
0.0,0.0,1.0,45160745
0.0,0.0,1.0,83656683
0.0,0.0,1.0,8290514
0.0,1.0,0.0,24747903
0.0,0.05,0.95,6190663
0.0,0.11,0.89,65313888
0.0,0.1,0.9,59472915
0.0,0.08,0.92,80397483
0.0,0.85,0.15,53610570
0.0,0.04,0.96,42018273
0.0,0.06,0.94,70780017
0.0,0.0,1.0,81432477
0.0,0.1,0.9,31193025
0.0,0.08,0.92,85900529
0.0,0.02,0.98,68885921
0.0,0.02,0.98,32467637
0.0,0.09,0.91,24038078
0.0,0.4,0.6,91112080
0.0,0.02,0.98,57588578
0.0,1.0,0.0,88369095
0.333,0.333,0.333,83158288
0.333,0.333,0.333,16028015
0.333,0.333,0.333,71071171
0.223,0.52,0.256,4216413
0.067,0.187,0.747,18316811
0.333,0.333,0.333,59472915
0.333,0.333,0.333,53298392
0.0,0.14,0.86,74231007
0.0,0.1,0.9,95981436
0.333,0.333,0.333,78328177
0.333,0.333,0.333,89076703
0.167,0.237,0.597,81432477
0.0,0.1,0.9,22318032
0.333,0.333,0.333,64039525
0.167,0.292,0.542,18569680
0.333,0.333,0.333,59404333
0.0,0.0,1.0,24038078
0.333,0.333,0.333,64960015
0.333,0.333,0.333,28903669
0.0,0.1,0.9,6533273
0.333,0.333,0.333,44677663
0.0,0.0,1.0,83158288
0.0,0.67,0.33,16028015
0.0,0.4,0.6,32787998
0.0,0.0,1.0,53249296
0.0,0.8,0.2,84489052
0.0,1.0,0.0,81677574
0.0,1.0,0.0,55572137
0.0,0.2,0.8,80397483
0.167,0.292,0.542,53298392
0.333,0.333,0.333,46182071
0.333,0.333,0.333,38454164
0.333,0.333,0.333,31193025
0.0,0.33,0.67,22318032
0.167,0.667,0.167,5104092
0.333,0.333,0.333,35377485
0.0,1.0,0.0,12758004
0.0,0.0,1.0,44941728
0.333,0.333,0.333,91112080
0.11,0.713,0.177,64960015
0.0,0.4,0.6,91704887
0.083,0.158,0.758,48181909
0.0,0.0,1.0,57588578
0.033,0.033,0.933,28903669
0.0,1.0,0.0,81677574
0.067,0.067,0.867,16807909
0.0,0.0,1.0,42271433
0.0,1.0,0.0,38290846
0.167,0.167,0.667,35006114
0.0,0.0,1.0,20713890
0.0,1.0,0.0,65254217
0.0,0.0,1.0,52597308
0.333,0.333,0.333,66193726
0.0,1.0,0.0,73000893
0.0,0.0,1.0,75437634
0.167,0.217,0.617,84589977
0.0,0.0,1.0,96011716
0.333,0.333,0.333,76432632
0.11,0.177,0.713,30183405
0.223,0.471,0.306,46942368
0.143,0.457,0.4,26594139
0.3,0.357,0.343,71071171
0.067,0.107,0.827,39409814
0.333,0.333,0.333,45160745
0.11,0.278,0.612,88369095
0.0,0.0,1.0,6533273
0.267,0.307,0.427,91704887
0.057,0.057,0.887,16807909
0.0,0.0,1.0,75338200
0.233,0.275,0.491,7581613
0.25,0.45,0.3,1589145
0.083,0.136,0.781,27798249
0.223,0.266,0.51,97425135
0.11,0.11,0.78,39699194
0.11,0.237,0.653,15484062
0.0,0.0,1.0,10351455
0.0,0.0,1.0,78721587
0.223,0.256,0.52,27211901
0.333,0.333,0.333,76432632
0.0,0.0,1.0,5451556
0.0,0.11,0.89,92137362
0.25,0.282,0.468,27515072
0.11,0.244,0.646,80774023
0.0,0.83,0.17,39409814
0.133,0.283,0.583,76897553
0.0,0.14,0.86,71295829
0.25,0.285,0.465,86800950
0.0,1.0,0.0,60429406
0.0,0.0,1.0,42271433
0.0,0.0,1.0,75338200
0.223,0.553,0.223,7958363
0.0,0.0,1.0,71969357
0.0,0.25,0.75,60481508
0.277,0.391,0.333,56114493
0.223,0.289,0.487,66193726
0.287,0.31,0.403,39699194
0.0,1.0,0.0,2024909
0.0,1.0,0.0,56527992
0.167,0.292,0.542,96397323
0.083,0.233,0.683,54020410
0.11,0.445,0.445,30183405
0.0,0.14,0.86,5451556
0.0,1.0,0.0,80552847
0.11,0.278,0.612,21938453
0.277,0.413,0.311,55666943
0.25,0.3,0.45,78809525
0.333,0.333,0.333,76897553
0.0,0.0,1.0,64899219
0.223,0.444,0.332,11122783
0.223,0.243,0.534,13664861
0.167,0.602,0.231,38290846
0.167,0.452,0.382,7581613
0.167,0.237,0.597,7958363
0.333,0.333,0.333,28568145
0.167,0.217,0.617,93109246
0.333,0.333,0.333,34307115
0.167,0.627,0.207,73000893
0.0,0.0,1.0,15484062
0.333,0.333,0.333,2024909
0.0,0.0,1.0,96016585
0.333,0.333,0.333,52405413
0.0,0.0,1.0,56663273
0.333,0.333,0.333,46942368
0.167,0.502,0.332,92137362
0.333,0.333,0.333,80552847
0.0,0.0,1.0,93137713
0.067,0.147,0.787,80774023
0.333,0.333,0.333,38454164
0.223,0.223,0.553,71295829
0.0,0.25,0.75,64899219
0.0,0.6,0.4,67593577
0.223,0.266,0.511,67869475
0.0,0.0,1.0,35006114
0.0,1.0,0.0,1589145
0.0,0.0,1.0,71969357
0.223,0.256,0.52,28568145
0.0,0.0,1.0,26295944
0.0,0.0,1.0,148142
0.0,0.0,1.0,75437634
0.0,1.0,0.0,10351455
0.0,0.0,1.0,56527992
0.0,0.0,1.0,96016585
0.0,0.0,1.0,80220413
0.167,0.167,0.667,40107720
0.0,0.25,0.75,26594139
0.277,0.311,0.413,27515072
0.0,0.0,1.0,21938453
0.167,0.167,0.667,93137713
0.223,0.279,0.497,67290870
0.0,0.0,1.0,61886939
0.333,0.333,0.333,86800950
0.167,0.542,0.292,11122783
0.0,0.9,0.1,67593577
0.333,0.333,0.333,48296247
0.167,0.217,0.617,20713890
0.333,0.333,0.333,27798249
0.167,0.217,0.617,60481508
0.333,0.333,0.333,93109246
0.0,0.03,0.97,26295944
0.167,0.617,0.217,46215217
0.333,0.333,0.333,84589977
0.167,0.192,0.642,78721587
0.333,0.333,0.333,96397323
0.333,0.333,0.333,52405413
0.333,0.333,0.333,80220413
0.333,0.333,0.333,20880708
0.167,0.217,0.617,79047989
0.167,0.192,0.642,91747824
0.167,0.222,0.612,23577275
0.08,0.0,0.92,51295323
0.167,0.237,0.597,83656683
0.167,0.602,0.231,15498542
0.0,0.9,0.1,60429406
0.333,0.333,0.333,13664861
0.167,0.542,0.292,67869475
0.333,0.333,0.333,48296247
0.083,0.833,0.083,65254217
0.0,0.25,0.75,97425135
0.333,0.333,0.333,56114493
0.0,0.1,0.9,34307115
0.0,0.1,0.9,148142
0.0,1.0,0.0,46215217
0.0,0.4,0.6,96011716
0.0,0.2,0.8,27211901
0.0,0.0,1.0,54020410
0.0,0.0,1.0,56663273
0.167,0.467,0.367,66622881
0.083,0.331,0.586,40107720
0.333,0.333,0.333,20880708
0.333,0.333,0.333,8835255
0.333,0.333,0.333,94638951
0.083,0.121,0.796,40027003
0.0,0.0,1.0,32007075
0.167,0.642,0.192,23179987
0.0,0.0,1.0,19204019
0.0,0.0,1.0,75533724
0.0,1.0,0.0,31925560
0.0,1.0,0.0,95915841
0.0,0.0,1.0,6355755
0.333,0.333,0.333,96506508
0.0,0.0,1.0,75117306
0.333,0.333,0.333,27105696
0.167,0.642,0.192,3256595
0.333,0.333,0.333,91153471
0.0,0.0,1.0,45931926
0.167,0.167,0.667,56092979
0.127,0.127,0.747,84235564
0.0,0.0,1.0,20196685
0.0,0.0,1.0,45674038
0.0,1.0,0.0,51013065
0.11,0.144,0.746,22551424
0.333,0.333,0.333,54499254
0.333,0.333,0.333,2721769
0.167,0.417,0.417,18250573
0.223,0.223,0.553,19204019
0.223,0.289,0.487,47448092
0.0,0.0,1.0,78657650
0.11,0.177,0.713,58835211
0.11,0.184,0.706,14576450
0.057,0.057,0.887,75117306
0.0,0.0,1.0,79045706
0.287,0.306,0.407,29085874
0.067,0.707,0.227,74338859
0.333,0.333,0.333,48015767
0.25,0.25,0.5,29158350
0.11,0.177,0.713,52254958
0.083,0.143,0.773,37193289
0.083,0.136,0.781,55400962
0.0,0.0,1.0,80122503
0.083,0.143,0.773,49570556
0.083,0.293,0.623,91186758
0.047,0.157,0.796,22551424
0.0,0.0,1.0,87950922
0.0,0.06,0.94,74809158
0.167,0.522,0.312,73698383
0.0,0.92,0.08,31925560
0.11,0.15,0.74,47448092
0.0,0.0,1.0,70550509
0.0,0.0,1.0,34403085
0.25,0.275,0.475,38996901
0.333,0.333,0.333,63049873
0.167,0.627,0.207,3256595
0.333,0.333,0.333,29085874
0.333,0.333,0.333,13822452
0.083,0.083,0.833,50282063
0.167,0.217,0.617,43297700
0.167,0.617,0.217,66406152
0.333,0.333,0.333,84235564
0.333,0.333,0.333,60468536
0.0,0.0,1.0,5112781
0.167,0.627,0.207,17728085
0.333,0.333,0.333,89593141
0.167,0.197,0.637,40332342
0.167,0.217,0.617,98678088
0.167,0.542,0.292,28247858
0.167,0.417,0.417,58835211
0.0,0.6,0.4,46317002
0.0,0.0,1.0,34403085
0.0,0.0,1.0,90460188
0.25,0.438,0.312,61109051
0.0,0.0,1.0,91153471
0.0,1.0,0.0,74338859
0.277,0.3,0.423,55724819
0.0,0.2,0.8,50282063
0.287,0.287,0.427,24714350
0.047,0.262,0.692,7016708
0.0,0.0,1.0,20196685
0.0,0.0,1.0,80122503
0.252,0.167,0.582,3490301
0.0,0.0,1.0,5112781
0.223,0.256,0.52,54655085
0.217,0.167,0.617,22544211
0.0,0.0,1.0,26657421
0.0,0.0,1.0,69004695
0.0,0.8,0.2,2721769
0.167,0.192,0.642,6355755
0.0,0.04,0.96,30150009
0.333,0.333,0.333,62130675
0.0,0.1,0.9,38996901
0.167,0.192,0.642,90460188
0.0,0.9,0.1,76927573
0.333,0.333,0.333,82965593
0.167,0.192,0.642,43297700
0.167,0.217,0.617,24714350
0.167,0.617,0.217,53288334
0.0,0.03,0.97,45674038
0.333,0.333,0.333,49570556
0.333,0.333,0.333,12449375
0.333,0.333,0.333,17728085
0.167,0.192,0.642,21872023
0.167,0.597,0.237,47528859
0.333,0.333,0.333,82780755
0.333,0.333,0.333,69116166
0.333,0.333,0.333,53355015
0.167,0.267,0.567,40450920
1.0,0.0,0.0,96506508
0.167,0.292,0.542,94143892
0.11,0.78,0.11,63049873
0.0,0.4,0.6,61109051
0.11,0.78,0.11,76927573
0.167,0.542,0.292,45931926
0.0,0.0,1.0,37193289
0.0,0.9,0.1,67676478
0.0,0.9,0.1,66406152
0.0,0.2,0.8,7016708
0.167,0.642,0.192,53288334
0.0,0.9,0.1,51013065
0.0,0.33,0.67,91186758
0.167,0.567,0.267,89593141
0.167,0.367,0.467,54655085
0.0,0.8,0.2,47528859
0.0,0.2,0.8,97765910
0.167,0.667,0.167,69839659
0.167,0.467,0.367,76388857
0.0,0.1,0.9,14499395
0.167,0.237,0.597,82780755
0.083,0.233,0.683,76388857
0.0,0.0,1.0,19195268
0.033,0.159,0.807,15163164
0.0,1.0,0.0,81954860
0.1,0.0,0.9,87926607
0.0,0.0,1.0,53042020
0.0,0.0,1.0,65207529
0.0,0.05,0.95,6964057
0.333,0.333,0.333,24949421
0.083,0.833,0.083,80059405
0.0,1.0,0.0,38421454
0.167,0.417,0.417,23809944
0.333,0.333,0.333,66630031
0.0,0.0,1.0,27421784
0.0,0.0,1.0,17166595
0.0,0.0,1.0,63854073
0.167,0.542,0.292,57111063
0.333,0.333,0.333,52364911
0.0,1.0,0.0,82965593
0.0,0.0,1.0,69116166
0.167,0.502,0.332,97765910
0.0,0.09,0.91,19195268
0.0,0.11,0.89,10265774
0.083,0.196,0.721,19398624
0.083,0.211,0.706,67005884
0.0,0.1,0.9,38365618
0.267,0.311,0.423,80907998
0.0,0.1,0.9,65207529
0.0,0.17,0.83,77328804
0.0,0.11,0.89,41791898
0.25,0.285,0.465,12964225
0.0,0.17,0.83,30150009
0.167,0.282,0.552,58835211
0.167,0.247,0.587,77239856
0.167,0.642,0.192,99208105
0.167,0.632,0.202,81954860
0.25,0.27,0.48,19398624
0.333,0.333,0.333,67093531
0.0,0.0,1.0,44974372
0.333,0.333,0.333,20458311
0.167,0.207,0.627,24949421
0.25,0.312,0.438,16422190
0.333,0.333,0.333,79579815
0.333,0.333,0.333,82153961
0.223,0.26,0.517,43497672
0.25,0.3,0.45,17166595
0.0,0.0,1.0,41791898
0.266,0.468,0.266,30988778
0.133,0.223,0.643,18312021
0.167,0.332,0.502,47824176
0.11,0.177,0.713,98688299
0.223,0.504,0.273,94123684
0.167,0.197,0.637,52254958
0.0,0.0,1.0,2028059
0.167,0.257,0.577,65723809
0.333,0.333,0.333,87926607
0.0,0.1,0.9,67005884
0.333,0.333,0.333,30725024
0.0,0.0,1.0,88296007
0.417,0.167,0.417,75005688
0.167,0.542,0.292,88716286
0.0,0.0,1.0,80061075
0.0,0.129,0.871,79579815
0.0,0.07,0.93,48519496
0.167,0.207,0.627,68360149
0.0,0.0,1.0,63854073
0.0,0.2,0.8,34562860
0.0,0.0,1.0,39124661
0.0,0.0,1.0,18312021
0.0,0.0,1.0,74724107
0.083,0.083,0.833,31920893
0.0,0.1,0.9,95915841
0.25,0.275,0.475,21872023
0.333,0.333,0.333,2028059
0.333,0.333,0.333,15723160
0.167,0.292,0.542,53042020
0.333,0.333,0.333,38365618
0.333,0.333,0.333,57429630
0.333,0.333,0.333,81963277
0.333,0.333,0.333,88296007
0.167,0.597,0.237,38421454
0.333,0.333,0.333,42683605
0.167,0.192,0.642,96718366
0.333,0.333,0.333,82153961
0.167,0.237,0.597,48519496
0.333,0.333,0.333,75395377
0.0,0.96,0.04,57111063
0.0,0.25,0.75,14910982
0.333,0.333,0.333,84235829
0.333,0.333,0.333,47824176
0.333,0.333,0.333,7431929
0.333,0.333,0.333,48015767
0.167,0.197,0.637,87789923
0.0,0.0,1.0,65723809
0.067,0.075,0.859,50526337
0.167,0.292,0.542,14576450
0.0,0.8,0.2,7431929
0.167,0.617,0.217,66152324
0.0,0.75,0.25,15723160
0.067,0.707,0.227,2648055
0.0,0.2,0.8,80907998
0.167,0.332,0.502,33158978
0.333,0.333,0.333,20458311
0.333,0.333,0.333,75005688
0.0,0.1,0.9,97611017
0.167,0.267,0.567,23809944
0.333,0.333,0.333,42822105
0.0,0.67,0.33,43497672
0.333,0.333,0.333,68360149
0.333,0.333,0.333,52364911
0.0,0.0,1.0,12964225
0.0,0.05,0.95,98688299
0.167,0.417,0.417,31920893
0.0,0.0,1.0,2648055
0.0,0.99,0.01,74058069
0.0,0.05,0.95,10718510
0.25,0.418,0.332,28698134
0.5,0.0,0.5,87925799
0.333,0.333,0.333,70913663
0.0,0.95,0.05,6175122
0.0,0.0,1.0,43519457
0.0,0.0,1.0,34924907
0.0,0.0,1.0,31187039
0.0,0.0,1.0,95552059
0.167,0.567,0.267,88125391
0.167,0.217,0.617,34821235
0.0,0.95,0.05,29267760
0.0,0.01,0.99,76014959
0.0,0.0,1.0,8287467
0.25,0.312,0.438,72690817
0.067,0.227,0.707,27176504
0.0,0.05,0.95,61170363
0.267,0.167,0.567,55400962
0.0,0.33,0.67,2648055
0.333,0.333,0.333,90371753
0.267,0.307,0.427,68118732
0.167,0.237,0.597,68204702
0.0,0.0,1.0,46106538
0.167,0.597,0.237,6175122
0.11,0.17,0.72,86310004
0.0,0.0,1.0,26640647
0.11,0.137,0.753,20476173
0.167,0.207,0.627,89296575
0.0,0.0,1.0,93056107
0.223,0.458,0.319,88125391
0.083,0.233,0.683,74482556
0.167,0.207,0.627,48691796
0.223,0.306,0.471,17796659
0.223,0.487,0.289,62024586
0.223,0.527,0.25,45386448
0.167,0.252,0.582,27176504
0.11,0.224,0.666,66234141
0.25,0.305,0.445,83507503
0.25,0.3,0.45,93149026
0.11,0.197,0.693,81963277
0.25,0.475,0.275,5145440
0.0,0.0,1.0,68118732
0.0,0.0,1.0,12493287
0.0,0.4,0.6,74866697
0.0,0.0,1.0,43519457
0.167,0.167,0.667,61815817
0.0,0.0,1.0,28461002
0.0,0.0,1.0,20476173
0.0,0.0,1.0,81658253
0.5,0.0,0.5,35937648
0.0,0.0,1.0,34821235
0.0,0.9,0.1,93632229
0.0,0.1,0.9,68614235
0.25,0.312,0.438,17796659
0.0,0.0,1.0,69781003
0.2,0.44,0.36,46161369
0.167,0.167,0.667,61170363
0.223,0.52,0.256,10311653
0.0,0.0,1.0,93149026
0.0,0.0,1.0,44974372
0.223,0.306,0.471,80059405
0.167,0.267,0.567,2587597
0.333,0.333,0.333,68204702
0.167,0.217,0.617,12493287
0.167,0.237,0.597,94665159
0.167,0.217,0.617,34924907
0.333,0.333,0.333,63015257
0.333,0.333,0.333,89296575
0.0,0.02,0.98,81658253
0.333,0.333,0.333,44071040
0.333,0.333,0.333,29267760
0.0,0.01,0.99,78133911
0.333,0.333,0.333,62024586
0.333,0.333,0.333,69781003
0.333,0.333,0.333,96323810
0.167,0.502,0.332,70221300
0.167,0.292,0.542,5808216
0.333,0.333,0.333,13090108
0.333,0.333,0.333,30242302
0.167,0.267,0.567,97611017
0.333,0.333,0.333,74724107
1.0,0.0,0.0,48460786
0.167,0.392,0.442,46106538
0.167,0.617,0.217,74866697
0.0,0.75,0.25,94665159
0.0,0.67,0.33,98460633
0.0,0.75,0.25,75395377
0.0,0.75,0.25,86134641
0.0,0.55,0.45,18622744
0.0,0.1,0.9,285866
0.0,0.8,0.2,85026921
0.0,0.9,0.1,96323810
0.0,0.45,0.55,46161369
0.0,0.9,0.1,45386448
0.0,0.45,0.55,31187039
0.0,0.4,0.6,24270289
0.0,0.9,0.1,58581335
0.0,0.1,0.9,93056107
0.0,0.25,0.75,35937648
0.0,0.4,0.6,44071040
0.0,0.1,0.9,76014959
0.083,0.383,0.533,94992932
0.0,0.1,0.9,5227807
0.0,0.01,0.99,43429587
0.11,0.646,0.244,40235544
0.0,0.05,0.95,56928017
0.0,0.0,1.0,77687355
0.0,1.0,0.0,42212153
0.0,0.1,0.9,49932010
0.0,0.2,0.8,33359956
0.0,0.0,1.0,45184182
0.0,0.0,1.0,18058708
0.11,0.686,0.204,74242783
0.0,0.05,0.95,43657356
0.0,0.89,0.11,49763342
0.0,0.99,0.01,97148679
0.333,0.333,0.333,8056470
0.333,0.333,0.333,48215149
0.0,0.0,1.0,62878897
0.083,0.683,0.233,7717277
0.0,0.4,0.6,66051500
0.0,0.0,1.0,78982016
0.0,0.06,0.94,56928017
0.223,0.319,0.458,33036843
0.167,0.502,0.332,10926420
0.223,0.388,0.388,91003137
0.223,0.223,0.553,53206733
0.11,0.713,0.177,75496092
0.0,0.0,1.0,18058708
0.11,0.204,0.686,80596817
0.223,0.444,0.332,58326896
0.167,0.252,0.582,14551642
0.083,0.083,0.833,40403668
0.167,0.207,0.627,35182382
0.0,0.07,0.93,8056470
0.0,0.93,0.07,36500507
0.0,0.129,0.871,35253994
0.11,0.224,0.666,45288542
0.167,0.542,0.292,90361617
0.0,0.0,1.0,4546422
0.11,0.204,0.686,5072465
0.223,0.332,0.444,90378904
0.0,0.05,0.95,77687355
0.167,0.237,0.597,28925509
0.333,0.333,0.333,99864487
0.333,0.333,0.333,25508080
0.333,0.333,0.333,53206733
0.333,0.333,0.333,80652954
0.333,0.333,0.333,74242783
0.0,0.05,0.95,9270980
0.167,0.597,0.237,15514490
0.333,0.333,0.333,6576413
0.0,0.05,0.95,40403668
0.333,0.333,0.333,51385401
0.0,0.05,0.95,34040843
0.0,0.05,0.95,38525228
0.0,0.17,0.83,12860946
0.167,0.207,0.627,54104969
0.0,0.33,0.67,78339268
0.0,0.02,0.98,61224214
0.333,0.333,0.333,13410646
0.333,0.333,0.333,27233798
0.167,0.167,0.667,42212153
0.0,0.8,0.2,86931317
0.0,1.0,0.0,18518553
0.0,0.67,0.33,75496092
0.0,0.67,0.33,80652954
0.0,0.67,0.33,54059491
0.0,0.67,0.33,8454559
0.0,0.6,0.4,87450670
0.0,0.9,0.1,39463480
0.0,0.25,0.75,35182382
0.0,0.33,0.67,51385401
0.0,0.4,0.6,62878897
0.167,0.292,0.542,39272395
0.11,0.612,0.278,74057907
0.0,0.95,0.05,29895800
0.333,0.333,0.333,98553459
0.0,0.9,0.1,54104969
0.0,0.75,0.25,13956104
0.0,0.05,0.95,94819012
0.0,0.8,0.2,18389439
0.0,0.9,0.1,78339268
0.0,0.0,1.0,35720553
0.0,0.05,0.95,18052264
0.0,0.0,1.0,20926669
0.0,0.0,1.0,62984208
0.0,0.9,0.1,36613739
0.267,0.353,0.381,94750786
0.167,0.192,0.642,22837518
0.167,0.192,0.642,16909542
0.0,0.0,1.0,27266177
0.0,0.0,1.0,64047275
0.0,0.0,1.0,86755977
0.277,0.423,0.3,35201805
0.0,0.0,1.0,12889979
0.067,0.227,0.707,46071965
0.25,0.392,0.358,21494001
0.0,0.43,0.57,92843222
0.0,0.05,0.95,3084158
0.067,0.867,0.067,54059491
0.0,0.0,1.0,10973648
0.167,0.502,0.332,33184069
0.11,0.144,0.746,62984208
0.0,0.0,1.0,62168796
0.223,0.444,0.332,58978367
0.0,0.0,1.0,8820004
0.0,0.04,0.96,24022940
0.223,0.421,0.355,28326592
0.0,0.0,1.0,64047275
0.223,0.429,0.347,3627259
0.0,0.1,0.9,85344742
0.0,0.09,0.91,75019596
0.0,0.0,1.0,98482133
0.223,0.289,0.487,21494001
0.0,1.0,0.0,50028290
0.0,0.03,0.97,99193825
0.167,0.267,0.567,46613213
0.11,0.244,0.646,81035060
0.223,0.243,0.534,60139785
0.223,0.355,0.421,98553459
0.167,0.237,0.597,92891900
0.333,0.333,0.333,36613739
0.167,0.237,0.597,37245488
0.0,0.02,0.98,15479292
0.0,0.9,0.1,29165192
0.0,0.03,0.97,24022940
0.0,0.1,0.9,65374836
0.0,0.04,0.96,86755977
0.167,0.217,0.617,21974299
0.333,0.333,0.333,22228001
0.167,0.332,0.502,64513252
0.0,0.03,0.97,98482133
0.0,0.75,0.25,92843222
0.0,0.03,0.97,71948122
0.0,0.07,0.93,30739793
0.333,0.333,0.333,46613213
0.167,0.267,0.567,46697630
0.333,0.333,0.333,48215149
0.167,0.217,0.617,45288542
0.333,0.333,0.333,10586330
0.083,0.308,0.608,33184069
0.167,0.292,0.542,92891900
0.333,0.333,0.333,94750786
0.0,0.67,0.33,35171556
0.167,0.542,0.292,2509987
0.0,0.33,0.67,39258835
0.333,0.333,0.333,28326592
0.0,0.55,0.45,65374836
0.0,0.67,0.33,19048534
0.0,1.0,0.0,28853797
0.333,0.333,0.333,7135261
0.0,0.33,0.67,40616112
0.167,0.392,0.442,3084158
0.0,0.25,0.75,31572040
0.0,0.33,0.67,74866697
0.0,0.33,0.67,46697630
0.0,0.33,0.67,81035060
0.0,0.6,0.4,75388542
0.0,0.95,0.05,32662645
0.333,0.333,0.333,61250602
0.0,0.95,0.05,89713443
0.0,0.871,0.129,45448122
0.0,0.6,0.4,33169768
0.0,0.98,0.02,6798519
0.0,0.0,1.0,50982833
0.167,0.432,0.402,42044697
0.0,0.0,1.0,14623643
0.0,0.05,0.95,59603330
0.0,0.95,0.05,61488767
0.0,0.0,1.0,34963455
0.333,0.333,0.333,58045422
0.0,0.0,1.0,99789596
0.5,0.0,0.5,30861007
0.0,0.2,0.8,76162539
0.0,0.33,0.67,33840615
0.0,0.95,0.05,43929050
0.0,0.0,1.0,57189037
0.223,0.306,0.471,65481674
0.0,0.91,0.09,5184954
0.0,0.0,1.0,18719633
0.0,0.8,0.2,13956104
0.333,0.333,0.333,97035129
0.223,0.355,0.421,58264886
0.0,0.1,0.9,86304962
0.0,0.0,1.0,45506890
0.25,0.3,0.45,2989166
0.167,0.252,0.582,59603330
0.11,0.74,0.15,1921938
0.267,0.347,0.387,59064411
0.223,0.256,0.52,66439935
0.223,0.306,0.471,559985
0.167,0.187,0.647,79505051
0.0,0.08,0.92,76162539
0.11,0.78,0.11,32811471
0.167,0.192,0.642,16794521
0.0,0.0,1.0,8912536
0.167,0.192,0.642,50238320
0.25,0.39,0.36,12092475
0.057,0.123,0.82,18719633
0.0,1.0,0.0,52454943
0.0,0.1,0.9,47154842
0.25,0.375,0.375,59613215
0.167,0.292,0.542,40105064
0.167,0.292,0.542,40616112
0.167,0.267,0.567,6743363
0.0,0.02,0.98,24364930
0.0,0.1,0.9,45506890
0.333,0.333,0.333,42302026
0.333,0.333,0.333,61488767
0.333,0.333,0.333,25165712
0.333,0.333,0.333,45687769
0.0,0.02,0.98,31732438
0.0,0.05,0.95,559985
0.167,0.507,0.327,4559862
0.0,0.2,0.8,33840615
0.333,0.333,0.333,49516028
0.333,0.333,0.333,56320934
0.0,0.02,0.98,50238320
0.333,0.333,0.333,12895127
0.0,0.06,0.94,25846678
0.167,0.202,0.632,15017814
0.167,0.617,0.217,52805482
0.333,0.333,0.333,3702821
0.333,0.333,0.333,40105064
0.167,0.212,0.622,98970566
0.0,0.9,0.1,43434230
0.333,0.333,0.333,89015513
0.0,0.75,0.25,2989166
0.0,0.45,0.55,42302026
0.0,0.4,0.6,34963455
0.0,0.75,0.25,64193923
0.0,0.8,0.2,67226290
0.167,0.542,0.292,95590134
0.0,0.0,1.0,79505051
0.0,0.8,0.2,4559862
0.0,0.99,0.01,43929050
0.0,0.05,0.95,47131474
0.0,0.99,0.01,40636432
0.167,0.502,0.332,6027971
0.0,0.67,0.33,12092475
0.167,0.502,0.332,12895127
0.0,0.05,0.95,72828169
0.0,0.1,0.9,14945916
0.0,0.8,0.2,70338676
0.083,0.796,0.121,9318229
0.167,0.617,0.217,35201805
0.0,0.0,1.0,66231847
0.0,1.0,0.0,41064726
0.167,0.192,0.642,20542217
0.0,0.0,1.0,97384687
0.0,0.0,1.0,33104147
0.333,0.333,0.333,49232306
0.067,0.147,0.787,61692070
0.11,0.78,0.11,24943628
0.083,0.121,0.796,96596796
0.167,0.467,0.367,57879110
0.057,0.223,0.721,77751730
0.0,0.05,0.95,43940611
0.0,0.0,1.0,62718577
0.0,1.0,0.0,71752994
0.083,0.121,0.796,26389170
0.333,0.333,0.333,18073031
0.0,0.0,1.0,85024349
0.11,0.244,0.646,21644861
0.0,0.05,0.95,74198586
0.0,1.0,0.0,2267151
0.0,0.0,1.0,95123940
0.0,0.99,0.01,44317740
0.0,1.0,0.0,67136040
0.0,0.03,0.97,15097602
0.0,0.0,1.0,63153131
0.333,0.333,0.333,86186120
0.11,0.378,0.512,80894632
0.223,0.355,0.421,18176798
0.0,1.0,0.0,32398828
0.11,0.412,0.478,20279809
0.0,0.8,0.2,22307887
0.167,0.617,0.217,34630297
0.0,0.0,1.0,56316451
0.0,0.05,0.95,54866832
0.0,1.0,0.0,58174273
0.0,0.1,0.9,33417579
0.167,0.422,0.412,41454505
0.0,0.05,0.95,16948733
0.11,0.378,0.512,24051894
0.0,0.9,0.1,11550393
0.11,0.512,0.378,16689195
0.223,0.289,0.487,37168949
0.0,0.9,0.1,34629496
0.0,0.0,1.0,45782398
0.0,0.2,0.8,85280956
0.0,0.05,0.95,48765477
0.19,0.598,0.211,14263502
0.0,0.05,0.95,3126544
0.0,0.95,0.05,52502539
0.167,0.457,0.377,71855026
0.0,0.99,0.01,64244777
0.0,1.0,0.0,70771064
0.0,0.95,0.05,52003618
0.0,0.0,1.0,9642087
0.333,0.333,0.333,14601786
0.0,1.0,0.0,90647233
0.11,0.177,0.713,65272083
0.0,0.1,0.9,10090956
0.0,0.95,0.05,12324827
0.333,0.333,0.333,76918251
0.0,0.1,0.9,7514744
0.0,0.95,0.05,96257518
0.11,0.378,0.512,28810942
0.0,0.05,0.95,46037425
0.0,0.97,0.03,93558331
0.0,1.0,0.0,15877699
0.0,0.95,0.05,12492028
0.0,0.95,0.05,36952705
0.0,0.05,0.95,69505667
0.333,0.333,0.333,32269286
0.0,1.0,0.0,81962824
0.083,0.121,0.796,61313589
0.0,0.0,1.0,63475752
0.0,1.0,0.0,50859636
0.333,0.333,0.333,98449541
0.0,0.0,1.0,64305508
0.0,1.0,0.0,39487747
0.167,0.452,0.382,43840440
0.0,0.8,0.2,5049125
0.0,0.05,0.95,41552683
0.0,0.05,0.95,13749178
0.0,0.14,0.86,53295930
0.0,0.0,1.0,455106
0.167,0.192,0.642,66844839
0.0,0.05,0.95,11457617
0.25,0.3,0.45,45505757
0.0,0.2,0.8,67535719
0.0,0.0,1.0,55539869
0.0,0.97,0.03,63852080
0.0,0.0,1.0,12568483
0.0,0.05,0.95,85200540
0.0,0.99,0.01,55415834
0.0,0.0,1.0,97300621
0.0,0.0,1.0,44431662
0.167,0.542,0.292,8346614
0.333,0.333,0.333,28483136
0.277,0.319,0.404,31253629
0.0,0.0,1.0,33104147
0.333,0.333,0.333,91765097
0.0,0.0,1.0,31563996
0.0,0.0,1.0,99279675
0.0,0.0,1.0,50015437
0.333,0.333,0.333,43059704
0.167,0.237,0.597,77751730
0.223,0.471,0.306,54418111
0.25,0.275,0.475,4361579
0.0,0.03,0.97,30521525
0.0,0.5,0.5,22351213
0.0,0.75,0.25,49232306
0.0,1.0,0.0,94436837
0.0,0.03,0.97,37783257
0.0,0.0,1.0,99279675
0.0,0.03,0.97,32276560
0.0,0.3,0.7,74702469
0.2,0.0,0.8,43940611
0.167,0.667,0.167,71818140
0.167,0.317,0.517,21369642
0.0,0.14,0.86,63456411
0.0,0.25,0.75,73361988
0.05,0.0,0.95,21164143
0.0,0.07,0.93,21644861
0.0,0.0,1.0,89171532
0.0,0.07,0.93,80396970
0.0,0.0,1.0,87488333
0.0,0.03,0.97,64465217
0.43,0.0,0.57,64335364
0.0,0.04,0.96,15097602
0.2,0.8,0.0,55147211
0.143,0.206,0.651,11501350
0.0,0.22,0.78,77633709
0.0,0.0,1.0,85596696
0.0,0.0,1.0,8950428
0.0,0.75,0.25,20279809
0.0,0.1,0.9,26934636
0.167,0.192,0.642,44696921
0.0,0.06,0.94,87724360
0.067,0.091,0.843,19794892
0.0,0.1,0.9,61499310
0.0,0.0,1.0,33417579
0.0,1.0,0.0,36673684
0.0,0.0,1.0,20434852
0.0,0.05,0.95,43175515
0.0,0.0,1.0,7220644
0.067,0.123,0.811,56045257
0.0,0.02,0.98,37168949
0.0,1.0,0.0,99026233
0.0,0.0,1.0,18012307
0.0,0.0,1.0,52026074
0.217,0.167,0.617,54890783
0.25,0.5,0.25,60428320
0.167,0.542,0.292,3126544
0.0,1.0,0.0,41271045
0.167,0.167,0.667,42616618
0.0,0.0,1.0,83032481
0.0,0.05,0.95,18654155
0.0,0.6,0.4,17564098
0.0,0.0,1.0,9642087
0.223,0.279,0.497,63143411
0.0,0.0,1.0,8495566
0.0,0.0,1.0,8250550
0.167,0.417,0.417,63429621
0.167,0.417,0.417,55227732
0.0,0.0,1.0,76918251
0.0,1.0,0.0,8436142
0.0,0.0,1.0,42051937
0.0,0.0,1.0,87726400
0.25,0.298,0.452,21137318
0.167,0.542,0.292,83184471
0.0,1.0,0.0,15877699
0.133,0.133,0.733,76605123
0.083,0.151,0.766,29640881
0.0,0.4,0.6,53135294
0.223,0.223,0.553,85975553
0.5,0.0,0.5,29891893
0.2,0.0,0.8,61313589
0.083,0.533,0.383,90770365
0.0,1.0,0.0,99506641
0.0,0.75,0.25,99402802
0.0,0.376,0.624,12335363
0.223,0.306,0.471,34423062
0.167,0.417,0.417,43840440
0.0,1.0,0.0,71789621
0.0,0.0,1.0,71980924
0.0,0.0,1.0,16033006
0.0,0.0,1.0,79719466
0.167,0.167,0.667,66844677
0.0,0.0,1.0,66844839
0.0,1.0,0.0,96862347
0.0,0.0,1.0,2036787
0.167,0.217,0.617,99007996
0.0,0.0,1.0,19008067
0.0,0.0,1.0,67789724
0.0,0.0,1.0,12568483
0.0,0.0,1.0,37776877
0.0,0.0,1.0,67566660
0.0,0.0,1.0,59632161
0.0,0.0,1.0,68384803
0.167,0.267,0.567,52646376
1.0,0.0,0.0,59938041
0.167,0.542,0.292,35908263
0.0,0.0,1.0,48216084
0.0,0.25,0.75,6112429
0.0,0.06,0.94,47095635
0.0,0.1,0.9,37795995
0.223,0.25,0.527,39539627
0.0,0.75,0.25,38714725
0.0,0.8,0.2,22798620
0.0,0.0,1.0,7383109
0.0,0.0,1.0,81626505
0.0,0.0,1.0,36294526
0.0,0.06,0.94,71432475
0.167,0.567,0.267,47419238
0.0,0.0,1.0,76495616
0.277,0.319,0.404,16877049
0.223,0.256,0.52,66315849
0.0,0.33,0.67,43432041
0.0,0.0,1.0,81075524
0.0,1.0,0.0,75223024
0.223,0.279,0.497,64486083
0.167,0.417,0.417,41034145
0.0,0.0,1.0,48227217
0.25,0.375,0.375,41273984
0.267,0.267,0.467,27291394
0.223,0.332,0.444,75864178
0.0,0.86,0.14,62571721
0.0,0.0,1.0,4131431
0.0,0.0,1.0,50185021
0.0,0.06,0.94,73118339
0.0,0.06,0.94,20355074
0.0,0.0,1.0,82508144
0.0,0.0,1.0,21375171
0.0,0.0,1.0,39068111
0.0,0.1,0.9,88123280
0.0,1.0,0.0,28828997
0.267,0.267,0.467,34985957
0.0,1.0,0.0,62682900
0.167,0.207,0.627,27977191
0.167,0.217,0.617,33417357
0.0,0.0,1.0,29745374
0.0,0.08,0.92,31271106
0.0,0.0,1.0,16462000
0.167,0.167,0.667,47051949
0.25,0.0,0.75,71229770
0.0,0.06,0.94,54746569
0.0,0.1,0.9,93598417
0.167,0.167,0.667,12864094
0.0,0.0,1.0,32523011
0.167,0.267,0.567,33324785
0.0,0.0,1.0,42791565
0.0,0.9,0.1,75435808
0.0,0.75,0.25,85804378
0.25,0.27,0.48,8017112
0.0,0.0,1.0,74177418
0.167,0.167,0.667,58995102
0.267,0.267,0.467,36461137
0.0,0.0,1.0,35651812
0.0,0.1,0.9,34996089
0.167,0.617,0.217,17991182
0.0,0.0,1.0,27509654
0.25,0.375,0.375,8026487
0.167,0.292,0.542,83099561
0.25,0.292,0.458,44572967
0.0,0.0,1.0,54824704
0.0,0.9,0.1,6364455
0.333,0.333,0.333,61883776
0.17,0.83,0.0,95858405
0.0,0.0,1.0,3262458
0.0,0.0,1.0,18138563
0.267,0.267,0.467,39055832
0.0,0.1,0.9,33286663
0.0,0.0,1.0,47051138
0.0,1.0,0.0,35879362
0.25,0.25,0.5,87908724
0.0,0.0,1.0,88848656
0.223,0.223,0.553,48435131
0.223,0.306,0.471,73645933
0.0,0.0,1.0,12756729
0.0,1.0,0.0,73374468
0.167,0.237,0.597,19043348
0.0,0.0,1.0,82530089
0.0,0.0,1.0,91564749
0.0,0.0,1.0,3179383
0.083,0.083,0.833,12894916
0.083,0.458,0.458,20566336
0.11,0.177,0.713,9570316
0.0,0.0,1.0,57822024
0.0,0.0,1.0,8535437
0.0,0.1,0.9,92374059
0.25,0.308,0.442,83911506
0.0,0.67,0.33,7285342
0.223,0.273,0.504,40153125
0.167,0.197,0.637,25138816
0.083,0.158,0.758,58064927
0.0,0.9,0.1,60904612
0.0,0.0,1.0,30612648
0.083,0.683,0.233,67657724
0.167,0.267,0.567,55415835
0.167,0.417,0.417,43327607
0.0,0.1,0.9,97845279
0.0,0.0,1.0,48556522
0.167,0.332,0.502,30927567
0.0,0.75,0.25,17117791
0.167,0.332,0.502,70708993
0.0,0.0,1.0,44856761
0.11,0.177,0.713,88316019
0.0,0.77,0.23,71499988
0.0,0.0,1.0,63564376
0.0,0.8,0.2,88712342
0.0,0.0,1.0,16892429
0.0,0.0,1.0,27239952
0.167,0.417,0.417,57389727
0.223,0.332,0.444,94935464
0.167,0.231,0.602,90358694
0.167,0.582,0.252,31067779
0.167,0.237,0.597,53353285
0.167,0.252,0.582,6569115
0.0,0.86,0.14,26939195
0.25,0.332,0.418,13764870
0.223,0.25,0.527,17476238
0.167,0.582,0.252,62267731
0.167,0.217,0.617,81301230
0.223,0.279,0.497,4159211
0.0,0.0,1.0,39909318
0.0,0.08,0.92,7805728
0.167,0.417,0.417,35516882
0.083,0.758,0.158,43163292
0.223,0.25,0.527,25548648
0.0,0.0,1.0,11316154
0.0,0.0,1.0,30399008
0.0,1.0,0.0,13834242
0.25,0.3,0.45,68949609
0.167,0.542,0.292,25589824
0.0,0.0,1.0,88275917
0.223,0.273,0.504,8992576
0.0,0.83,0.17,41357613
0.267,0.347,0.387,90021159
0.0,0.0,1.0,77433463
0.167,0.417,0.417,18664242
0.223,0.444,0.332,41471061
0.167,0.502,0.332,54856769
0.25,0.332,0.418,46111214
0.223,0.355,0.421,77377740
0.0,0.05,0.95,45262726
0.223,0.388,0.388,14779054
0.223,0.365,0.411,45223050
0.067,0.131,0.803,39199598
0.223,0.421,0.355,95944921
0.0,0.93,0.07,66139742
0.0,0.06,0.94,22871540
0.127,0.697,0.176,55788237
0.0,0.0,1.0,54078041
0.11,0.144,0.746,28510605
0.0,0.0,1.0,19733658
0.5,0.0,0.5,47316945
0.167,0.197,0.637,77686271
0.167,0.417,0.417,86250784
0.0,0.0,1.0,84334178
0.167,0.367,0.467,99317206
0.167,0.382,0.452,48056835
0.0,0.0,1.0,44282950
0.25,0.312,0.438,26650285
0.167,0.317,0.517,82492414
0.223,0.319,0.458,39123349
0.167,0.252,0.582,30702797
0.0,0.09,0.91,29278784
0.133,0.175,0.691,66647713
0.11,0.492,0.398,11948455
0.0,1.0,0.0,14161111
0.223,0.458,0.319,12493263
0.0,0.0,1.0,26254621
0.167,0.237,0.597,35350065
0.11,0.204,0.686,57885928
0.097,0.097,0.807,94567063
0.167,0.312,0.522,40839829
0.223,0.256,0.52,46042816
0.083,0.083,0.833,61694074
0.0,0.0,1.0,41677453
0.0,0.93,0.07,24940595
0.083,0.083,0.833,77281164
0.0,0.0,1.0,41259290
0.0,0.0,1.0,65380809
0.0,0.0,1.0,80283190
0.167,0.217,0.617,37925696
0.167,0.292,0.542,44174778
0.25,0.275,0.475,87012915
0.1,0.9,0.0,12679999
0.4,0.0,0.6,22573452
0.223,0.25,0.527,38322057
0.167,0.542,0.292,27601013
0.167,0.202,0.632,17152533
0.25,0.262,0.488,25369551
0.11,0.11,0.78,35993728
0.167,0.212,0.622,69460624
0.167,0.222,0.612,54507355
0.167,0.292,0.542,94490787
0.11,0.11,0.78,84043699
0.223,0.332,0.444,84664598
0.167,0.627,0.207,25803211
0.11,0.278,0.612,14980194
0.223,0.26,0.517,75622721
0.223,0.243,0.534,98101164
0.287,0.371,0.343,48544835
0.0,0.08,0.92,97795826
0.129,0.0,0.871,52630508
0.167,0.292,0.542,54130399
0.0,0.09,0.91,70057168
0.127,0.251,0.623,50957386
0.167,0.217,0.617,48469600
0.0,0.08,0.92,34978170
0.223,0.279,0.497,31546195
0.0,0.0,1.0,23334667
0.047,0.107,0.846,19208163
0.0,0.5,0.5,41385531
0.223,0.421,0.355,42526660
0.167,0.197,0.637,25895905
0.11,0.612,0.278,79491636
0.223,0.388,0.388,72738915
0.0,0.0,1.0,26228809
0.167,0.207,0.627,35316867
0.167,0.577,0.257,55325386
0.0,0.94,0.06,99852144
0.167,0.227,0.607,78790916
0.0,0.06,0.94,95744777
0.167,0.502,0.332,41079245
0.167,0.502,0.332,45593818
0.04,0.867,0.093,77399713
0.0,0.08,0.92,99294287
0.067,0.764,0.17,44552610
0.167,0.231,0.602,63230931
0.167,0.212,0.622,45004669
0.223,0.246,0.53,1478704
0.167,0.257,0.577,32205334
0.167,0.417,0.417,97129398
0.333,0.333,0.333,17947597
0.267,0.367,0.367,30255727
0.127,0.232,0.641,28406594
0.167,0.192,0.642,25853816
0.223,0.471,0.306,31487355
0.0,0.0,1.0,26435318
0.223,0.52,0.256,44571839
0.0,0.0,1.0,8838066
0.223,0.355,0.421,77335773
0.167,0.222,0.612,53336528
0.167,0.467,0.367,55491228
0.11,0.11,0.78,52460472
0.25,0.288,0.462,88146083
0.0,0.0,1.0,81626876
0.167,0.207,0.627,47235922
0.0,0.0,1.0,11717090
0.25,0.45,0.3,77225188
0.0,0.0,1.0,98179811
0.333,0.333,0.333,15045918
0.0,0.0,1.0,39866504
0.167,0.332,0.502,26288940
0.0,0.1,0.9,85713682
0.167,0.502,0.332,11944291
0.167,0.292,0.542,50223841
0.0,1.0,0.0,60375118
0.0,0.1,0.9,80310007
0.167,0.217,0.617,11839463
0.267,0.357,0.377,32623359
0.25,0.75,0.0,93434712
0.0,0.0,1.0,44496279
0.25,0.392,0.358,58349102
0.0,0.1,0.9,14399167
0.11,0.177,0.713,27700155
0.11,0.157,0.733,86662129
0.0,0.0,1.0,47739374
0.167,0.467,0.367,24933670
0.17,0.83,0.0,6072511
0.267,0.283,0.451,45333295
0.0,0.0,1.0,33118053
0.25,0.358,0.392,87183244
0.0,1.0,0.0,60304496
0.0,0.09,0.91,61214746
0.167,0.582,0.252,23304086
0.167,0.197,0.637,36229953
0.167,0.231,0.602,66982560
0.167,0.202,0.632,1815261
0.25,0.27,0.48,3347295
0.0,0.06,0.94,13526362
0.223,0.279,0.497,17248963
0.167,0.222,0.612,30658359
0.167,0.567,0.267,45965471
0.167,0.222,0.612,35133434
0.25,0.45,0.3,29463739
0.133,0.656,0.211,24894846
0.11,0.694,0.196,66873649
0.11,0.13,0.76,42450003
0.223,0.26,0.517,72164356
0.223,0.306,0.471,1727203
0.167,0.367,0.467,6876491
0.057,0.098,0.845,35012152
0.0,1.0,0.0,83577953
0.25,0.272,0.478,40557321
0.0,0.07,0.93,48574372
0.5,0.0,0.5,90027238
0.292,0.167,0.542,47591954
0.167,0.332,0.502,23115588
0.0,0.1,0.9,83623240
0.067,0.115,0.819,5937234
0.0,0.0,1.0,2929837
0.267,0.401,0.333,27168823
0.287,0.352,0.361,20791549
0.0,0.05,0.95,73282991
0.333,0.333,0.333,77457591
0.223,0.444,0.332,85960555
0.0,0.14,0.86,78782884
0.267,0.355,0.379,22949121
0.332,0.502,0.167,53034559
0.223,0.444,0.332,33197536
0.0,1.0,0.0,16965720
0.0,0.0,1.0,43050499
0.0,0.0,1.0,4763792
0.0,0.05,0.95,98246703
0.223,0.444,0.332,21465549
0.167,0.212,0.622,67203636
0.0,0.0,1.0,10036461
0.11,0.11,0.78,37958395
0.0,0.06,0.94,37147766
0.2,0.2,0.6,26992224
0.143,0.713,0.143,50412070
0.0,0.06,0.94,15444416
0.267,0.307,0.427,65480552
0.11,0.204,0.686,31092034
0.167,0.197,0.637,52258736
0.0,0.0,1.0,81643327
0.167,0.202,0.632,22104068
0.0,0.33,0.67,99655003
0.11,0.78,0.11,83695519
0.167,0.502,0.332,49511884
0.167,0.479,0.355,36076168
0.167,0.217,0.617,23615586
0.223,0.355,0.421,93051693
0.0,0.05,0.95,92951688
0.167,0.542,0.292,70527969
0.223,0.283,0.494,36951822
0.167,0.332,0.502,95528499
0.0,0.0,1.0,16600313
0.25,0.3,0.45,66253699
0.0,0.03,0.97,53863207
0.223,0.454,0.322,60364145
0.0,0.05,0.95,36241733
0.223,0.332,0.444,95518555
0.2,0.228,0.572,86414071
0.223,0.388,0.388,29192961
0.0,0.05,0.95,91114746
0.167,0.252,0.582,33352779
0.0,0.75,0.25,52348515
0.333,0.333,0.333,96629970
0.0,0.0,1.0,57250819
0.167,0.252,0.582,4764753
0.223,0.365,0.411,89414257
0.167,0.231,0.602,1720977
0.167,0.242,0.592,72225886
0.167,0.252,0.582,38079667
0.167,0.207,0.627,12509128
0.167,0.467,0.367,94548779
0.167,0.217,0.617,29769267
0.0,0.05,0.95,47976779
0.167,0.197,0.637,74316898
0.11,0.164,0.726,16607305
0.167,0.202,0.632,99168814
0.11,0.224,0.666,36149117
0.0,0.07,0.93,70232515
0.083,0.151,0.766,67553131
0.167,0.192,0.642,6644833
0.167,0.187,0.647,3770220
0.0,0.0,1.0,96398773
0.3,0.3,0.4,84015453
0.167,0.197,0.637,55382784
0.0,1.0,0.0,62719537
0.223,0.24,0.537,1638188
0.167,0.287,0.547,91205046
0.167,0.192,0.642,1648464
0.0,0.0,1.0,46143333
0.167,0.217,0.617,86134114
0.0,1.0,0.0,70352049
0.167,0.207,0.627,16983836
0.8,0.0,0.2,25156875
0.0,0.0,1.0,73178709
0.167,0.202,0.632,16630006
0.167,0.217,0.617,8819235
0.0,0.75,0.25,33747263
0.0,0.1,0.9,61757044
0.167,0.231,0.602,69106160
0.11,0.11,0.78,49478511
0.167,0.252,0.582,94049338
0.0,0.05,0.95,91459479
0.167,0.197,0.637,78878223
0.25,0.35,0.4,72459260
0.0,0.0,1.0,84685741
0.167,0.237,0.597,18347889
0.0,0.0,1.0,84786586
0.083,0.803,0.113,77704200
0.167,0.602,0.231,51501511
0.167,0.202,0.632,49174258
0.25,0.332,0.418,70736101
0.167,0.237,0.597,53025402
0.167,0.292,0.542,21442312
0.0,0.0,1.0,75934290
0.167,0.187,0.647,84201449
0.0,0.0,1.0,14587121
0.167,0.187,0.647,25354267
0.223,0.421,0.355,38232652
0.167,0.567,0.267,69709370
0.167,0.202,0.632,7080282
0.11,0.713,0.177,75805404
0.0,0.0,1.0,42123359
0.223,0.266,0.511,41916416
0.233,0.263,0.503,69228843
0.167,0.257,0.577,67152187
0.333,0.333,0.333,11237359
0.167,0.167,0.667,14308784
0.267,0.391,0.342,45099665
0.223,0.279,0.497,96944801
0.167,0.197,0.637,21013070
0.25,0.438,0.312,21431604
0.0,0.0,1.0,53639657
0.333,0.333,0.333,73813900
0.0,0.0,1.0,39525384
0.167,0.367,0.467,40720659
0.167,0.277,0.557,7970530
0.167,0.267,0.567,30302360
0.25,0.265,0.485,71948294
0.25,0.425,0.325,27472460
0.167,0.257,0.577,85736283
0.167,0.257,0.577,12230435
0.223,0.279,0.497,79894404
0.167,0.467,0.367,36134438
0.167,0.197,0.637,11920385
0.223,0.497,0.279,6212448
0.0,0.0,1.0,18337485
0.167,0.202,0.632,14039438
0.0,0.0,1.0,1947700
0.25,0.438,0.312,44739420
0.0,0.05,0.95,9267485
0.167,0.277,0.557,64895865
0.0,0.0,1.0,32683662
0.167,0.207,0.627,16801032
0.167,0.192,0.642,58937088
0.167,0.202,0.632,30366492
0.167,0.167,0.667,80376374
0.167,0.197,0.637,59273721
0.0,0.0,1.0,66340684
0.223,0.266,0.511,21220599
0.11,0.144,0.746,24787170
0.167,0.217,0.617,76135719
0.223,0.24,0.537,77511038
0.0,0.0,1.0,81994839
0.167,0.322,0.512,63140690
0.223,0.355,0.421,85989726
0.25,0.265,0.485,69348945
0.333,0.333,0.333,32383488
0.0,0.0,1.0,64114691
0.143,0.599,0.257,74195841
0.25,0.268,0.482,35951466
0.223,0.279,0.497,8439815
0.167,0.202,0.632,44236397
0.167,0.207,0.627,69083164
0.0,0.11,0.89,11930082
0.167,0.542,0.292,96185890
0.167,0.167,0.667,93644764
0.11,0.11,0.78,14343902
0.167,0.192,0.642,46256116
0.0,0.0,1.0,40192688
0.25,0.272,0.478,23336044
0.0,1.0,0.0,68213731
0.25,0.265,0.485,87454463
0.25,0.288,0.462,7409956
0.25,0.27,0.48,5268120
0.25,0.285,0.465,28187108
0.25,0.258,0.492,30886039
0.167,0.202,0.632,64413900
0.223,0.237,0.54,82364876
0.0,0.29,0.71,77335389
0.0,0.0,1.0,38827671
0.223,0.289,0.487,15035164
0.25,0.35,0.4,21306615
0.25,0.332,0.418,29778353
0.223,0.458,0.319,62796770
0.167,0.622,0.212,51122387
0.0,0.05,0.95,92072362
0.0,0.0,1.0,68298727
0.0,0.05,0.95,99158928
0.223,0.223,0.553,93964066
0.0,0.0,1.0,95116307
0.0,0.0,1.0,11100519
0.167,0.202,0.632,44583038
0.0,0.0,1.0,96173312
0.167,0.207,0.627,24131679
0.09,0.82,0.09,35133824
0.0,0.1,0.9,34908747
0.11,0.196,0.694,52691588
0.25,0.282,0.468,69728075
0.167,0.252,0.582,10027198
0.0,0.0,1.0,59701158
0.133,0.571,0.295,34248338
0.223,0.273,0.504,11480462
0.223,0.25,0.527,6880069
0.0,0.05,0.95,79484155
0.0,0.0,1.0,11692508
0.167,0.382,0.452,54069158
0.0,1.0,0.0,73633906
0.167,0.202,0.632,61253903
0.0,0.07,0.93,59699419
0.083,0.121,0.796,97735624
0.133,0.217,0.649,91668377
0.0,0.0,1.0,40266624
0.0,0.2,0.8,89518571
0.21,0.217,0.573,44043966
0.0,0.0,1.0,83378867
0.25,0.392,0.358,80232641
0.223,0.458,0.319,74022245
0.0,0.91,0.09,57603252
0.11,0.646,0.244,21704688
0.143,0.166,0.691,64117871
0.11,0.13,0.76,48189687
0.223,0.24,0.537,62640673
0.167,0.292,0.542,94897559
0.167,0.227,0.607,36395148
0.11,0.726,0.164,9459809
0.0,0.07,0.93,70791571
0.0,0.08,0.92,56383238
0.43,0.0,0.57,7543903
0.223,0.23,0.547,85554025
0.0,0.0,1.0,4480997
0.267,0.285,0.449,82698746
0.0,0.0,1.0,9408030
0.167,0.177,0.657,11339349
0.0,0.0,1.0,43419519
0.167,0.257,0.577,15684436
0.223,0.25,0.527,65002300
0.083,0.833,0.083,46716718
0.167,0.232,0.602,37160032
0.167,0.207,0.627,69209338
0.2,0.56,0.24,25291975
0.223,0.266,0.511,63700498
0.0,0.06,0.94,19182287
0.2,0.0,0.8,26981695
0.167,0.192,0.642,87018671
0.11,0.586,0.304,29661130
0.11,0.137,0.753,94812235
0.21,0.441,0.349,5256849
0.167,0.212,0.622,10638834
0.2,0.44,0.36,1500593
0.2,0.4,0.4,13024571
0.25,0.27,0.48,58178698
0.167,0.207,0.627,6603721
0.333,0.333,0.333,15016681
0.8,0.0,0.2,43985292
0.25,0.405,0.345,57962294
0.0,0.0,1.0,24955743
0.0,0.0,1.0,41668877
0.167,0.192,0.642,95943266
0.223,0.319,0.458,91148798
0.25,0.288,0.462,24631046
0.0,1.0,0.0,40096029
0.167,0.202,0.632,76966252
0.167,0.187,0.647,6452723
0.25,0.258,0.492,39237506
0.0,0.0,1.0,45652320
0.167,0.177,0.657,31235407
0.083,0.766,0.151,23145488
0.167,0.237,0.597,45788642
0.25,0.292,0.458,69044600
0.223,0.289,0.487,90502709
0.223,0.306,0.471,61397453
0.167,0.187,0.647,12257448
0.223,0.289,0.487,70475943
0.11,0.13,0.76,56028693
0.0,0.0,1.0,18642009
0.223,0.237,0.54,45422718
0.223,0.421,0.355,17379331
0.167,0.257,0.577,46711913
0.167,0.617,0.217,96721668
0.167,0.237,0.597,22979042
0.067,0.115,0.819,48727364
0.0,0.13,0.87,19701631
0.167,0.202,0.632,78682434
0.0,0.04,0.96,73075681
0.0,0.9,0.1,50214261
0.083,0.128,0.788,9340632
0.167,0.231,0.602,89258619
0.223,0.256,0.52,54528681
0.25,0.285,0.465,24659767
0.0,0.0,1.0,55607503
0.11,0.559,0.331,46530075
0.11,0.13,0.76,72130689
0.11,0.196,0.694,63245265
0.167,0.312,0.522,51845510
0.11,0.13,0.76,61088655
0.167,0.192,0.642,49205529
0.0,0.0,1.0,47905188
0.083,0.151,0.766,1042687
0.0,0.0,1.0,18963111
0.25,0.318,0.432,96008980
0.223,0.408,0.369,67716574
0.333,0.333,0.333,57942152
0.133,0.613,0.253,95629883
0.167,0.502,0.332,71997565
0.25,0.3,0.45,63339758
0.11,0.137,0.753,70324605
0.223,0.223,0.553,28501473
0.0,0.0,1.0,45745739
0.167,0.197,0.637,41803615
0.25,0.3,0.45,17946484
0.167,0.252,0.582,67194257
0.2,0.0,0.8,35911220
0.223,0.365,0.411,89985473
0.167,0.237,0.597,5592649
0.223,0.306,0.471,19630185
0.2,0.28,0.52,2726071
0.223,0.421,0.355,86129415
0.25,0.275,0.475,17627464
0.167,0.542,0.292,85988199
0.167,0.212,0.622,9990123
0.223,0.26,0.517,17681622
0.0,0.0,1.0,85408740
0.167,0.237,0.597,30521525
0.167,0.167,0.667,74126659
0.223,0.289,0.487,61692070
0.333,0.333,0.333,45373256
0.333,0.333,0.333,71895667
0.0,0.0,1.0,50015437
0.0,0.05,0.95,32276560
0.167,0.292,0.542,69412785
0.0,0.0,1.0,62718577
0.333,0.333,0.333,70377161
0.333,0.333,0.333,9368093
0.333,0.333,0.333,59529436
0.333,0.333,0.333,73361988
0.0,0.129,0.871,62560436
0.167,0.237,0.597,74198586
0.333,0.333,0.333,30258485
0.0,0.129,0.871,47758743
0.333,0.333,0.333,48818280
0.167,0.597,0.237,64465217
0.167,0.267,0.567,85374678
0.333,0.333,0.333,63153131
0.167,0.237,0.597,35145118
0.333,0.333,0.333,21068002
0.333,0.333,0.333,44007645
0.333,0.333,0.333,85596696
0.0,0.03,0.97,99822939
0.333,0.333,0.333,22307887
0.333,0.333,0.333,39440116
0.167,0.217,0.617,63520729
0.0,0.95,0.05,33969575
0.0,0.05,0.95,19794892
0.167,0.542,0.292,81184884
0.333,0.333,0.333,41454505
0.0,0.14,0.86,53912174
0.0,0.03,0.97,16439815
0.167,0.231,0.602,72542610
0.0,0.02,0.98,7220644
0.167,0.617,0.217,35028291
0.333,0.333,0.333,34629496
0.0,0.05,0.95,81479966
0.167,0.332,0.502,14141363
0.333,0.333,0.333,54890783
0.333,0.333,0.333,30898710
0.333,0.333,0.333,52502539
0.333,0.333,0.333,39197383
0.0,0.03,0.97,55327101
0.333,0.333,0.333,70984095
0.333,0.333,0.333,18654155
0.333,0.333,0.333,28259348
0.333,0.333,0.333,14601786
0.333,0.333,0.333,90758626
0.333,0.333,0.333,58973023
0.167,0.367,0.467,14486547
0.167,0.267,0.567,3070667
0.333,0.333,0.333,7514744
0.167,0.312,0.522,55614913
0.333,0.333,0.333,92699496
0.333,0.333,0.333,36169798
0.333,0.333,0.333,21137318
0.333,0.333,0.333,33658646
0.0,0.93,0.07,12492028
0.0,0.03,0.97,28989021
0.333,0.333,0.333,57851117
0.167,0.292,0.542,3066769
0.333,0.333,0.333,85975553
0.167,0.202,0.632,56513038
0.0,0.02,0.98,63475752
0.167,0.502,0.332,22351213
0.0,0.1,0.9,74126659
0.167,0.617,0.217,24943628
0.167,0.367,0.467,25821022
0.167,0.217,0.617,89864575
0.0,0.33,0.67,43059704
0.0,0.05,0.95,74702469
0.11,0.746,0.144,69412785
0.0,1.0,0.0,71752994
0.0,0.0,1.0,22313675
0.333,0.333,0.333,42237723
0.0,1.0,0.0,26696384
0.0,0.25,0.75,21164143
0.0,0.0,1.0,62560436
0.167,0.617,0.217,2267151
0.167,0.292,0.542,72618363
0.0,0.5,0.5,45534945
0.0,0.8,0.2,6215777
0.083,0.233,0.683,64335364
0.0,0.0,1.0,85374678
0.0,0.0,1.0,86186120
0.0,0.0,1.0,25279485
0.167,0.617,0.217,39326583
0.0,0.0,1.0,9718985
0.0,0.0,1.0,8950428
0.0,0.1,0.9,99822939
0.0,1.0,0.0,34630297
0.0,0.1,0.9,66524428
0.333,0.333,0.333,2761268
0.167,0.292,0.542,29726193
0.0,0.0,1.0,61499310
0.0,0.0,1.0,16948733
0.0,0.67,0.33,48769782
0.0,1.0,0.0,82561653
0.0,0.9,0.1,95229826
0.0,0.0,1.0,56045257
0.167,0.642,0.192,35028291
0.0,0.33,0.67,45782398
0.0,0.0,1.0,83680254
0.0,0.15,0.85,14802016
0.0,1.0,0.0,86112033
0.167,0.217,0.617,6378965
0.0,0.0,1.0,55227732
0.0,0.8,0.2,96257518
0.333,0.333,0.333,62934649
0.0,0.8,0.2,99130594
0.0,0.6,0.4,49011078
0.0,0.2,0.8,83184471
0.0,0.4,0.6,68862957
0.0,0.05,0.95,17564098
0.167,0.617,0.217,49975472
0.333,0.333,0.333,71855026
0.0,1.0,0.0,90647233
0.083,0.796,0.121,50859636
0.167,0.617,0.217,60428320
0.0,0.05,0.95,42921710
0.0,0.25,0.75,45904836
0.167,0.617,0.217,28259348
0.0,0.95,0.05,76751542
0.167,0.292,0.542,33658646
0.0,0.75,0.25,36952705
0.0,0.2,0.8,39838597
0.0,0.2,0.8,3076056
0.0,0.0,1.0,56513038
0.0,0.67,0.33,38663071
0.167,0.502,0.332,79829791
0.167,0.217,0.617,29891893
0.083,0.533,0.383,68946576
0.0,1.0,0.0,89095063
0.333,0.333,0.333,34423062
0.333,0.333,0.333,17786177
0.0,0.4,0.6,41552683
0.0,0.4,0.6,5179832
0.0,0.67,0.33,33437571
0.167,0.617,0.217,51259035
0.167,0.542,0.292,66844677
0.0,0.55,0.45,45505757
0.0,0.67,0.33,3203974
0.0,0.05,0.95,43980510
0.167,0.542,0.292,60374549
0.0,0.4,0.6,24076220
0.0,0.01,0.99,67789724
0.0,0.4,0.6,87116764
0.0,0.75,0.25,2166808
0.167,0.332,0.502,36294526
0.0,0.2,0.8,98008296
0.167,0.567,0.267,96700887
0.0,0.45,0.55,54197206
0.333,0.333,0.333,93089310
0.0,0.25,0.75,37795995
0.0,0.05,0.95,23200963
0.167,0.542,0.292,25708260
0.0,0.75,0.25,29231984
0.167,0.502,0.332,83663228
0.167,0.502,0.332,64726989
0.0,0.4,0.6,95870061
0.0,0.95,0.05,59040681
0.0,0.95,0.05,55415834
0.0,0.1,0.9,2964911
0.333,0.333,0.333,20756865
0.25,0.0,0.75,9511848
0.0,0.9,0.1,52646376
0.167,0.332,0.502,82165870
0.167,0.567,0.267,84532448
0.0,0.9,0.1,69496397
0.0,0.33,0.67,43432041
0.0,0.67,0.33,1114270
0.0,0.4,0.6,16218512
0.0,0.01,0.99,77524298
0.0,0.75,0.25,8515248
0.0,0.9,0.1,98056564
0.167,0.617,0.217,41273984
0.0,1.0,0.0,72024350
0.0,1.0,0.0,41422436
0.0,0.6,0.4,63228425
0.333,0.333,0.333,42314721
0.333,0.333,0.333,69890479
0.0,0.05,0.95,73118339
0.167,0.467,0.367,20274120
0.0,0.0,1.0,87763548
0.0,0.6,0.4,62896501
0.333,0.333,0.333,32285400
0.0,0.0,1.0,22291674
0.333,0.333,0.333,28828997
0.167,0.617,0.217,82911264
0.0,0.1,0.9,79382632
0.0,0.2,0.8,3017566
0.0,1.0,0.0,57334075
0.167,0.367,0.467,63213362
0.0,0.25,0.75,31271106
0.0,0.8,0.2,2936356
0.0,0.6,0.4,90100681
0.0,0.0,1.0,68746478
0.0,0.0,1.0,8993709
0.0,1.0,0.0,81618207
0.0,0.01,0.99,12864094
0.0,0.0,1.0,15835215
0.0,0.67,0.33,11481168
0.0,0.95,0.05,60036640
0.0,0.95,0.05,89061417
0.0,0.1,0.9,75054900
0.167,0.367,0.467,8017112
0.11,0.713,0.177,42161534
0.0,0.05,0.95,47125303
0.333,0.333,0.333,60026525
0.0,0.0,1.0,31048680
0.0,0.6,0.4,51837672
0.0,1.0,0.0,17991182
0.0,0.2,0.8,48951984
0.0,0.33,0.67,65393372
0.0,0.05,0.95,97216086
0.0,0.2,0.8,16382155
0.0,0.25,0.75,26592522
0.0,0.75,0.25,6364455
0.0,0.75,0.25,70471192
0.0,1.0,0.0,4818226
0.0,0.05,0.95,20386056
0.333,0.333,0.333,94110607
0.0,0.8,0.2,81184884
0.277,0.326,0.397,3070667
0.0,0.86,0.14,28089417
0.0,0.0,1.0,33286663
0.0,0.5,0.5,89567506
0.103,0.448,0.448,84266446
0.033,0.033,0.933,34279412
0.167,0.667,0.167,31296394
0.11,0.11,0.78,97487157
0.043,0.261,0.696,73645933
0.0,1.0,0.0,25842866
0.0,0.89,0.11,20046243
0.0,0.0,1.0,75074330
0.043,0.913,0.043,88265839
0.0,0.0,1.0,5952736
0.0,0.0,1.0,3179383
0.0,0.0,1.0,90401028
0.0,0.0,1.0,66841042
0.0,0.0,1.0,29747258
0.382,0.081,0.537,70742136
0.0,1.0,0.0,57077709
0.0,0.5,0.5,92374059
0.5,0.5,0.0,80733482
0.19,0.276,0.534,26499758
0.0,0.17,0.83,86072415
0.0,1.0,0.0,47250339
0.0,1.0,0.0,28242822
0.0,0.83,0.17,60904612
0.0,0.0,1.0,45532609
0.0,0.5,0.5,85480757
0.0,0.0,1.0,20315654
0.0,1.0,0.0,96528384
0.083,0.18,0.737,73301898
0.0,0.0,1.0,48556522
1.0,0.0,0.0,11546815
0.0,0.75,0.25,6543938
0.0,0.129,0.871,2535447
0.043,0.043,0.913,8072932
0.047,0.477,0.477,40998331
0.057,0.223,0.721,71499988
0.127,0.306,0.567,79274491
0.037,0.775,0.188,62237414
0.25,0.375,0.375,41412481
0.167,0.627,0.207,71188942
0.047,0.907,0.047,10484719
0.083,0.331,0.586,94935464
0.223,0.553,0.223,64800648
0.047,0.864,0.09,66138683
0.0,0.0,1.0,63903009
0.0,0.14,0.86,52448387
0.167,0.567,0.267,26135480
0.083,0.458,0.458,13764870
0.25,0.458,0.292,77865218
0.1,0.9,0.0,49697430
0.0,0.0,1.0,94397322
0.047,0.477,0.477,70762337
0.037,0.633,0.33,73555566
0.0,0.0,1.0,7805728
0.223,0.444,0.332,69126943
0.244,0.11,0.646,14237632
0.0,0.0,1.0,18118856
0.027,0.119,0.855,1895941
0.037,0.259,0.704,63209671
0.133,0.697,0.169,13834242
0.0,1.0,0.0,25234253
0.0,1.0,0.0,87788019
0.0,0.0,1.0,33155131
0.0,1.0,0.0,30653956
0.0,1.0,0.0,77678073
0.0,0.0,1.0,90021159
0.0,0.5,0.5,56465666
0.0,1.0,0.0,19767862
0.0,0.8,0.2,63830542
0.027,0.027,0.947,86463240
0.0,0.86,0.14,15881641
0.223,0.223,0.553,77377740
0.09,0.82,0.09,45223954
0.0,0.0,1.0,64997533
0.0,1.0,0.0,73054460
0.287,0.365,0.348,58885473
0.037,0.482,0.482,69005299
0.5,0.0,0.5,66139742
0.0,0.86,0.14,38643632
0.0,0.71,0.29,941998
0.083,0.188,0.728,77190641
0.167,0.417,0.417,76252168
0.0,0.5,0.5,15622626
0.0,0.0,1.0,47316945
0.223,0.25,0.527,98489534
0.0,0.0,1.0,57293533
0.0,0.11,0.89,232491
0.0,0.0,1.0,78375682
0.043,0.165,0.792,45452335
0.0,0.0,1.0,44282950
0.223,0.355,0.421,22457744
0.083,0.128,0.788,80801845
0.483,0.033,0.483,28768407
0.0,0.83,0.17,5550692
0.0,0.0,1.0,88342381
0.0,0.0,1.0,66647713
0.0,0.0,1.0,85245233
0.253,0.223,0.524,80152913
0.0,0.0,1.0,15780838
0.0,0.0,1.0,70965958
0.06,0.166,0.774,3176958
0.0,0.14,0.86,57885928
0.0,1.0,0.0,32623756
0.083,0.773,0.143,2376451
0.0,0.0,1.0,42627783
0.11,0.11,0.78,31149548
0.0,0.08,0.92,32303423
0.067,0.467,0.467,24940595
0.0,0.129,0.871,75303359
0.0,0.93,0.07,63666058
0.19,0.332,0.478,11967409
0.11,0.78,0.11,26669311
0.0,0.0,1.0,68693638
0.0,0.0,1.0,44174778
0.033,0.105,0.861,3658275
0.0,1.0,0.0,82624725
0.037,0.037,0.927,5979214
0.0,0.0,1.0,77805762
0.0,0.0,1.0,44910553
0.0,0.0,1.0,17152533
0.0,1.0,0.0,92326540
0.0,0.07,0.93,51052374
0.0,0.0,1.0,52354792
0.0,0.11,0.89,5001306
0.0,0.8,0.2,81435740
0.0,0.0,1.0,84043699
0.11,0.0,0.89,75083598
0.0,0.33,0.67,37430089
0.0,0.0,1.0,5370273
0.0,0.75,0.25,695126
0.0,0.5,0.5,74612654
0.033,0.096,0.87,48544835
0.0,0.0,1.0,10924925
0.11,0.164,0.726,58249406
0.0,0.0,1.0,5345816
0.0,0.0,1.0,61073228
0.4,0.0,0.6,49596889
0.0,0.33,0.67,48469600
0.2,0.0,0.8,69694784
0.0,0.5,0.5,69135888
0.0,0.0,1.0,44058637
0.0,1.0,0.0,17345471
0.0,1.0,0.0,29155324
0.0,0.0,1.0,42526660
0.0,0.0,1.0,77299308
0.0,0.0,1.0,22921697
0.0,0.0,1.0,39321033
0.0,1.0,0.0,46389069
0.0,1.0,0.0,28533075
0.0,1.0,0.0,55325386
0.0,0.5,0.5,57678922
0.0,0.83,0.17,83584757
0.0,0.0,1.0,76530908
0.0,0.0,1.0,37591506
0.0,0.9,0.1,7908676
0.0,0.75,0.25,77399713
0.0,0.0,1.0,32348373
0.0,0.0,1.0,79484745
0.0,1.0,0.0,35533322
0.21,0.488,0.302,16175897
0.223,0.388,0.388,3420151
0.0,0.0,1.0,32205334
0.0,0.33,0.67,29699690
0.133,0.181,0.685,48649816
0.0,0.0,1.0,35021311
0.0,0.0,1.0,36217555
0.0,0.25,0.75,89066243
0.0,0.0,1.0,31487355
0.0,0.0,1.0,41491907
0.0,0.0,1.0,24673641
0.0,0.0,1.0,38193779
0.067,0.779,0.155,57082186
0.0,0.0,1.0,55969986
0.0,0.0,1.0,55491228
0.0,0.14,0.86,75219285
0.11,0.11,0.78,92789561
0.0,0.91,0.09,95151178
0.333,0.333,0.333,70672116
0.333,0.333,0.333,77225188
0.11,0.666,0.224,30807217
0.0,0.0,1.0,12829668
0.0,0.0,1.0,40643469
0.0,0.14,0.86,70255347
0.0,1.0,0.0,82832439
0.11,0.0,0.89,52254346
0.0,0.0,1.0,11944291
0.0,0.92,0.08,47933180
0.0,0.0,1.0,74848583
0.0,0.0,1.0,52605574
0.027,0.487,0.487,48350525
0.0,1.0,0.0,77013893
0.0,0.33,0.67,93434712
0.0,0.0,1.0,8536231
0.0,0.83,0.17,32512659
0.14,0.0,0.86,41893959
0.0,1.0,0.0,7902938
0.223,0.332,0.444,60689710
0.043,0.043,0.913,47739374
0.03,0.64,0.33,71086060
0.0,0.89,0.11,81759559
0.0,0.86,0.14,3524754
0.0,1.0,0.0,12995032
0.11,0.11,0.78,96167028
0.0,1.0,0.0,60304496
0.14,0.0,0.86,98416589
0.0,1.0,0.0,59235129
0.25,0.75,0.0,3794461
0.0,0.75,0.25,36515666
0.0,0.08,0.92,87299580
0.0,0.03,0.97,3347295
0.0,0.0,1.0,76848933
0.0,0.871,0.129,66338593
0.017,0.891,0.093,93125355
0.0,0.9,0.1,53780799
0.0,0.9,0.1,90149842
0.033,0.78,0.186,29463739
0.0,0.5,0.5,95121597
0.0,0.06,0.94,88421146
0.0,1.0,0.0,3802557
0.333,0.333,0.333,10386239
0.0,0.0,1.0,88443063
0.0,0.0,1.0,6876491
0.0,0.92,0.08,45205211
0.0,0.9,0.1,2766303
0.0,0.5,0.5,98728503
0.0,0.0,1.0,79319331
0.0,1.0,0.0,62864748
0.09,0.0,0.91,47591954
0.0,0.0,1.0,84947726
0.0,1.0,0.0,89704353
0.0,0.0,1.0,43780814
0.0,0.0,1.0,44792481
0.0,0.0,1.0,65950770
0.0,0.0,1.0,20791549
0.0,1.0,0.0,95064947
0.027,0.643,0.33,93938783
0.0,0.0,1.0,74624369
0.0,1.0,0.0,31034521
0.0,0.17,0.83,6305745
0.0,1.0,0.0,53034559
0.0,0.0,1.0,95365058
0.0,0.06,0.94,74966712
0.0,0.0,1.0,62517250
0.0,0.0,1.0,51867424
0.0,1.0,0.0,14684689
0.0,0.0,1.0,21465549
0.05,0.33,0.62,68087900
0.223,0.388,0.388,52131001
0.11,0.445,0.445,10496674
0.0,0.0,1.0,39890132
0.0,0.67,0.33,9978561
0.0,1.0,0.0,50412070
0.0,1.0,0.0,78119039
0.0,0.0,1.0,12704538
0.023,0.953,0.023,79982905
0.0,1.0,0.0,44716094
0.0,0.0,1.0,12356258
0.0,0.0,1.0,22104068
0.0,1.0,0.0,36591263
0.0,1.0,0.0,444282
0.0,0.07,0.93,86680138
0.0,0.0,1.0,23995017
0.0,0.0,1.0,48962896
0.027,0.137,0.836,93051693
0.023,0.646,0.33,37748380
0.0,1.0,0.0,2267662
0.0,0.0,1.0,57399764
0.0,1.0,0.0,34125340
0.11,0.331,0.559,9731586
0.0,0.0,1.0,66253699
0.06,0.0,0.94,38531
0.0,1.0,0.0,51779149
0.0,0.22,0.78,77540431
0.0,1.0,0.0,94046553
0.0,0.0,1.0,55080064
0.0,0.0,1.0,29192961
0.0,0.33,0.67,64190887
0.0,0.67,0.33,61655081
0.0,1.0,0.0,95653028
0.0,0.0,1.0,45558789
0.0,0.0,1.0,91902549
0.0,0.0,1.0,4764753
0.0,1.0,0.0,91165099
0.0,1.0,0.0,80753752
0.0,0.0,1.0,90211171
0.0,0.0,1.0,83634774
0.017,0.967,0.017,99051244
0.083,0.586,0.331,94548779
0.0,1.0,0.0,75347571
0.0,0.06,0.94,998277
0.0,0.65,0.35,98697028
0.0,1.0,0.0,52111524
0.0,0.67,0.33,86751070
0.0,0.6,0.4,36149117
0.0,0.0,1.0,82263483
0.0,0.67,0.33,26700194
0.0,0.376,0.624,72701371
0.333,0.333,0.333,86495053
0.043,0.478,0.478,47668787
0.0,0.0,1.0,84015453
0.0,1.0,0.0,11888175
0.0,0.0,1.0,58609145
0.0,0.67,0.33,82375226
0.0,0.0,1.0,68716095
0.0,1.0,0.0,53766662
0.083,0.083,0.833,46143333
0.0,0.0,1.0,95245815
0.013,0.781,0.205,5332901
0.0,0.0,1.0,46599715
0.0,1.0,0.0,44229317
0.0,1.0,0.0,7321938
0.0,0.0,1.0,16630006
0.0,0.0,1.0,1813936
0.027,0.027,0.947,32008702
0.0,1.0,0.0,14987
0.0,0.0,1.0,51804967
0.0,0.0,1.0,8146635
0.0,0.0,1.0,94049338
0.0,0.2,0.8,47981885
0.0,1.0,0.0,3467759
0.01,0.01,0.98,93435135
0.133,0.583,0.283,28225360
0.0,1.0,0.0,73558811
0.0,0.0,1.0,84786586
0.0,1.0,0.0,27924346
0.013,0.493,0.493,51609201
0.0,0.0,1.0,19099819
0.0,1.0,0.0,92009994
0.0,1.0,0.0,7646495
0.0,0.0,1.0,21442312
0.0,1.0,0.0,69839887
0.0,1.0,0.0,69329772
0.0,0.67,0.33,6751848
0.11,0.11,0.78,85825289
0.0,0.0,1.0,44573105
0.0,1.0,0.0,69709370
0.0,0.0,1.0,95588138
0.033,0.033,0.933,90411904
0.047,0.391,0.563,23444516
0.0,0.0,1.0,38945105
0.0,1.0,0.0,2588589
0.0,0.11,0.89,67152187
0.0,1.0,0.0,45144944
0.0,0.0,1.0,92198319
0.0,0.0,1.0,96532966
0.0,1.0,0.0,8519568
0.0,0.0,1.0,3295837
0.0,0.0,1.0,21431604
0.0,0.0,1.0,47504037
0.0,0.0,1.0,38451307
0.0,1.0,0.0,43734607
0.0,0.0,1.0,79198710
0.0,0.0,1.0,79792706
0.0,0.05,0.95,30302360
0.0,1.0,0.0,68842035
0.0,0.67,0.33,40819533
0.333,0.333,0.333,46181252
0.0,1.0,0.0,30210873
0.11,0.278,0.612,9525745
0.0,0.0,1.0,36134438
0.0,0.25,0.75,47787167
0.0,0.0,1.0,67160724
0.0,0.0,1.0,10330467
0.0,0.0,1.0,89537654
0.0,1.0,0.0,53199793
0.0,0.14,0.86,44739420
0.0,0.75,0.25,61893427
0.0,1.0,0.0,86835935
0.0,0.0,1.0,98515536
0.0,0.0,1.0,79776474
0.0,0.06,0.94,18733664
0.0,0.05,0.95,30366492
0.0,0.5,0.5,6998697
0.0,0.0,1.0,46373565
0.0,0.0,1.0,88179910
0.0,1.0,0.0,28005512
0.25,0.0,0.75,35910420
0.0,0.0,1.0,76135719
0.027,0.257,0.717,96867537
0.223,0.27,0.507,63391573
0.0,0.0,1.0,35475318
0.0,0.0,1.0,78530125
0.0,1.0,0.0,81739433
0.0,0.0,1.0,32383488
0.0,0.0,1.0,39302228
0.0,0.14,0.86,34174900
0.0,0.5,0.5,52881407
0.0,0.0,1.0,56573421
0.0,0.0,1.0,11470778
0.0,0.0,1.0,69083164
0.0,0.0,1.0,92530892
0.0,1.0,0.0,29812076
0.0,0.0,1.0,27675106
0.0,1.0,0.0,14566144
0.067,0.203,0.731,6334656
0.0,0.0,1.0,40192688
0.0,0.0,1.0,87395411
0.0,1.0,0.0,79959747
0.0,0.0,1.0,5035019
0.0,0.0,1.0,60023210
0.0,1.0,0.0,9687466
0.0,0.0,1.0,28187108
0.0,1.0,0.0,45403133
0.0,1.0,0.0,4512167
0.0,0.624,0.376,4581307
0.0,0.0,1.0,40457280
0.0,0.0,1.0,68623778
0.0,0.8,0.2,15035164
0.0,0.0,1.0,90663262
0.0,0.2,0.8,42270975
0.0,0.75,0.25,45895863
0.0,0.0,1.0,20933898
0.0,1.0,0.0,881259
0.191,0.043,0.765,68298727
0.0,1.0,0.0,70790281
0.0,0.0,1.0,58731300
0.0,0.0,1.0,58431444
0.0,0.0,1.0,2609624
0.033,0.573,0.393,28337865
0.0,0.0,1.0,96173312
0.0,0.0,1.0,3128222
0.0,1.0,0.0,19496854
0.0,0.0,1.0,80230087
0.0,0.0,1.0,1428123
0.0,1.0,0.0,96536424
0.0,0.0,1.0,10027198
0.047,0.33,0.623,9184572
0.0,1.0,0.0,44466178
0.0,0.83,0.17,98022012
0.0,0.0,1.0,10624229
0.0,0.67,0.33,76024573
0.0,0.0,1.0,11692508
0.0,0.0,1.0,84323249
0.0,0.0,1.0,77906138
0.0,0.0,1.0,40563504
0.0,1.0,0.0,34450362
0.0,0.0,1.0,11155308
0.0,0.0,1.0,91668377
0.0,0.0,1.0,24876737
0.043,0.696,0.261,34954065
0.0,0.0,1.0,28858266
0.043,0.165,0.792,68506170
0.0,0.0,1.0,65605498
0.0,0.0,1.0,74022245
0.0,1.0,0.0,80827276
0.0,0.67,0.33,18227911
0.0,0.67,0.33,39448456
0.047,0.786,0.167,38309944
0.043,0.391,0.565,37860733
0.0,0.25,0.75,94897559
0.0,0.25,0.75,6194627
0.0,1.0,0.0,30953807
0.0,1.0,0.0,69203961
0.0,1.0,0.0,72656730
0.0,1.0,0.0,30717387
0.0,0.0,1.0,85554025
0.0,0.0,1.0,81645583
0.0,0.0,1.0,2979221
0.0,0.0,1.0,7458102
0.0,0.0,1.0,785856
0.037,0.188,0.775,79432500
0.0,1.0,0.0,15684436
0.0,0.0,1.0,68359856
0.0,0.0,1.0,65603134
0.0,0.17,0.83,13263829
0.043,0.043,0.913,2553349
0.0,1.0,0.0,36953393
0.0,1.0,0.0,63700498
0.0,0.0,1.0,88360519
0.0,1.0,0.0,50318412
0.0,0.0,1.0,79482800
0.0,0.0,1.0,63190591
0.0,0.89,0.11,82794437
0.0,0.129,0.871,5256849
0.0,0.0,1.0,96863212
0.0,0.07,0.93,23179919
0.0,0.0,1.0,74716340
0.0,1.0,0.0,9416369
0.0,1.0,0.0,25419653
0.0,0.0,1.0,15016681
0.0,0.0,1.0,20396889
0.0,0.0,1.0,58316429
0.0,1.0,0.0,45169785
0.0,0.07,0.93,41745030
0.0,1.0,0.0,26710813
0.0,0.75,0.25,91148798
0.0,1.0,0.0,31335263
0.0,1.0,0.0,13378296
0.0,0.0,1.0,97499842
0.0,0.0,1.0,6951466
0.0,1.0,0.0,61020616
0.0,0.0,1.0,45652320
0.0,0.5,0.5,7806865
0.0,0.0,1.0,24153138
0.0,0.0,1.0,44212660
0.0,1.0,0.0,13455041
0.037,0.633,0.33,98526121
0.0,0.14,0.86,61397453
0.057,0.472,0.472,73002240
0.267,0.295,0.439,60644586
0.0,0.0,1.0,673484
0.0,1.0,0.0,53944792
0.147,0.427,0.427,49378853
0.0,0.0,1.0,17379331
0.0,0.0,1.0,96873034
0.0,0.0,1.0,28330259
0.267,0.467,0.267,69361865
0.0,0.0,1.0,9342503
0.02,0.49,0.49,31877403
0.027,0.027,0.947,78682434
0.0,1.0,0.0,70442458
0.017,0.777,0.207,82604376
0.0,0.0,1.0,50498350
0.25,0.5,0.25,70423537
0.223,0.553,0.223,64271353
0.0,0.0,1.0,24659767
0.0,0.11,0.89,909336
0.0,0.0,1.0,94649785
0.0,0.0,1.0,25175481
0.0,0.0,1.0,58902560
0.0,0.0,1.0,52806928
0.0,0.0,1.0,61088655
0.023,0.721,0.256,85299336
0.0,1.0,0.0,61183165
0.0,0.0,1.0,24522647
0.0,0.0,1.0,30695743
0.0,1.0,0.0,42012292
0.0,0.0,1.0,67716574
0.0,1.0,0.0,60969807
0.0,0.0,1.0,76931580
0.0,0.0,1.0,19316375
0.0,0.0,1.0,48530040
0.0,0.0,1.0,1966700
0.167,0.167,0.667,28501473
0.167,0.167,0.667,19582637
0.0,1.0,0.0,13546084
0.037,0.037,0.927,55888304
0.0,0.0,1.0,22508422
0.19,0.62,0.19,33308908
0.0,0.0,1.0,89985473
0.11,0.445,0.445,45521330
0.0,1.0,0.0,72488634
0.0,0.0,1.0,65584022
0.0,0.0,1.0,59612411
0.0,0.0,1.0,3020341
0.027,0.643,0.33,85988199
0.0,1.0,0.0,72667762
0.0,0.0,1.0,437922
0.0,0.0,1.0,36793201
0.0,0.0,1.0,7307325
